"","gene_1","gene_2","gene_3","gene_4","gene_5","gene_6","gene_7","gene_8","gene_9","gene_10","gene_11","gene_12"
"OG0000766:","fig|6666666.164642.peg.285","fig|6666666.164643.peg.1219","fig|6666666.164656.peg.1434","fig|6666666.164648.peg.874","fig|6666666.164647.peg.1448","fig|6666666.164640.peg.241","fig|6666666.164641.peg.2469","fig|6666666.164639.peg.747","fig|6666666.164646.peg.6283","fig|6666666.164650.peg.28","fig|6666666.164630.peg.2486","fig|6666666.164651.peg.1299"
